"Line","value"
"p.25180",27.436975615973
"p.25180",22.1525920623911
"p.25180",22.2286263581259
"p.25180",26.8667183979607
"p.25180",26.9807698415629
"p.25180",18.9971687893884
"p.25180",40.3323921726282
"p.25180",48.2399589290673
"p.25180",54.9309769537469
"p.25180",23.673277977091
"p.25180",32.0750676558076
"p.25180",25.4220667789959
"p.25180",42.499369601076
"p.25180",42.3092838617383
"p.25180",15.9177798121214
"p.25180",39.0360074303464
"p.25180",46.9359707572129
"p.25180",39.5302303526243
"p.25180",39.5302303526243
"p.25180",36.4622465197173
"p.25180",31.8241544798819
"p.25180",33.2688060988471
"p.25180",18.7082384655957
"p.25180",29.0489026855547
"p.25180",48.0004508975024
"p.25180",48.912862446323
"p.25180",38.5798016559367
"p.25180",54.3493145913742
"p.25180",52.2583714586626
"p.25180",39.4922132047564
"p.25180",53.4749201904217
"p.25180",46.2516620955976
"p.25180",46.9359707572129
"p.25180",45.9475249126572
"p.25180",38.9403349459382
"p.25180",36.6344675916259
"p.25180",63.15194216621
"p.25180",58.8284408768763
"p.25180",46.1461704281622
"p.25180",51.0461385560739
"p.25180",63.4401755854986
"p.25180",43.552069654561
"p.25180",44.4167699124286
"p.25180",53.6690626716035
"p.25180",23.8887392600248
"p.25180",31.7633228056427
"p.25180",15.1586352115108
"p.25180",79.6100704076098
"p.25180",16.7459268566951
"p.25180",49.0573279629808
"p.25180",38.9680098892764
"p.25180",82.7806380197883
"p.25180",27.8569683729857
"p.25180",78.1689033111644
"p.25180",23.8887392600248
"p.25180",28.0162883548865
"p.25180",30.2379058407623
"p.25180",31.7633228056427
"p.25180",44.5235306474217
"p.25180",31.4750893863536
"p.25180",50.0790514055669
"p.25180",49.0573279629808
"p.25180",28.6506141955779
"p.25180",27.8569683729857
"p.25180",29.4442600181701
"p.25180",14.3649893889186
"p.25180",32.6188433085389
"p.25180",24.682385082617
"p.25180",44.5235306474217
"p.25180",19.9205101470639
"p.25180",23.8887392600248
"p.25180",34.2061349537232
"p.25180",26.2696767278014
"p.25180",44.5235306474217
"p.25180",38.9680098892764
"p.25180",51.6663430507516
"p.25180",77.8566551962926
"p.25180",50.8726972281587
"p.25180",45.3171764700138
"p.25180",43.7298848248294
"p.25180",57.2218638088973
"p.25180",45.3171764700138
"p.25180",36.5870724214998
"p.25180",74.01892444037
"p.25180",46.6975564882605
"p.25180",60.8292985324555
"p.25180",62.7135308050145
"p.25180",44.813324215702
"p.25180",49.733264038495
"p.25180",19.5855476775469
"p.25180",18.2247132584763
"p.25180",31.2049800249959
"p.25180",37.904472549651
"p.25180",45.7554403519813
"p.25180",24.9242057831316
"p.25180",23.563371364061
"p.25180",25.1335649245266
"p.25180",40.2074231050009
"p.25182",21.6011273547809
"p.25182",38.868409973442
"p.25182",43.7810734790322
"p.25182",35.8040753115389
"p.25182",53.1345902327463
"p.25182",20.2878410711083
"p.25182",38.4787716399951
"p.25182",20.8715238638517
"p.25182",36.7515861953464
"p.25182",29.9539344824388
"p.25182",34.2962280969514
"p.25182",32.7397406496352
"p.25182",38.0352285727023
"p.25182",34.2231657801921
"p.25182",30.1844726900076
"p.25182",34.5880694933227
"p.25182",53.8500047542685
"p.25182",26.5319945828101
"p.25182",36.7282397333823
"p.25182",47.3195638514957
"p.25182",48.81707987928
"p.25182",40.1021598535982
"p.25182",57.704693464417
"p.25182",25.5466663226529
"p.25182",32.1881405766105
"p.25182",41.7009255212702
"p.25182",28.0693652768634
"p.25182",31.2099740523823
"p.25182",26.5763586371492
"p.25182",38.9130534713005
"p.25182",28.0980770166089
"p.25182",34.8132880426063
"p.25182",37.9066244192576
"p.25182",46.6553587698261
"p.25182",33.9901433015223
"p.25182",28.275304083655
"p.25182",44.6989433722838
"p.25182",48.5600439183151
"p.25182",41.0950202715465
"p.25182",35.9476057785486
"p.25182",52.2107221816162
"p.25182",47.6850510843226
"p.25182",40.7330336771327
"p.25182",56.8053419045483
"p.25182",45.7303767891206
"p.25182",39.2699804717875
"p.25182",32.3481272746451
"p.25182",39.7314373515973
"p.25182",14.3513089620753
"p.25182",45.2689199093108
"p.25182",40.654351111216
"p.25182",31.4252135150264
"p.25182",22.1960759188366
"p.25182",24.9648171976936
"p.25182",47.1147474285497
"p.25182",41.5772648708355
"p.25182",47.1147474285497
"p.25182",42.5001786304548
"p.25182",25.4262740775031
"p.25182",26.8106447169316
"p.25182",30.9637566352172
"p.25182",30.6154060279398
"p.25182",46.1929861442636
"p.25182",37.7325682359272
"p.25182",32.8095841544548
"p.25182",25.7288249629186
"p.25182",27.0167535407707
"p.25182",34.4628482848074
"p.25182",49.8834887074067
"p.25182",49.4992405584947
"p.25182",36.0397823131218
"p.25182",31.8470723239106
"p.25182",39.2699804717875
"p.25182",36.2066989254044
"p.25182",48.7161887913789
"p.25182",30.1032216833135
"p.25182",53.5671938557942
"p.25182",36.2066989254044
"p.25182",35.5663530718426
"p.25182",34.592689324956
"p.25182",41.1158079910258
"p.25182",38.6038781325458
"p.25182",35.1167922750307
"p.25182",42.5001786304548
"p.25182",26.3975390720439
"p.25182",18.0429640005512
"p.25182",35.875588224665
"p.25182",45.9466245065838
"p.25182",46.23384010884
"p.25182",34.1939547938831
"p.25182",24.9785204658208
"p.25182",34.1859849616353
"p.25182",38.3865122261509
"p.25182",42.6149932300218
"p.25182",46.4518214389146
"p.25190",32.108506587953
"p.25190",36.2306909942914
"p.25190",35.4456272674376
"p.25190",38.38510065705
"p.25190",24.6510010232013
"p.25190",24.7489394344356
"p.25190",31.1271580185378
"p.25190",20.4291623517358
"p.25190",30.9159401413635
"p.25190",35.7730721585256
"p.25190",37.6045525162849
"p.25190",32.0096196682027
"p.25190",28.5763196574689
"p.25190",37.5062911711322
"p.25190",27.642828486133
"p.25190",36.8194887894314
"p.25190",26.6136603403353
"p.25190",26.506627814121
"p.25190",38.1933503114253
"p.25190",37.7025577711425
"p.25190",36.6339117038675
"p.25190",42.3305726147562
"p.25190",54.3812014647132
"p.25190",45.8362100983797
"p.25190",44.3024936992948
"p.25190",52.6283827229006
"p.25190",48.0272335256451
"p.25190",27.6507156520819
"p.25190",43.8642890138421
"p.25190",26.7253251757814
"p.25190",32.0157790739244
"p.25190",20.8204959862407
"p.25190",27.3738324278118
"p.25190",20.8204959862407
"p.25190",30.9986466470554
"p.25190",25.8378941993187
"p.25190",23.0390734273976
"p.25190",26.2816096875501
"p.25190",27.7151520341435
"p.25190",35.4016695687361
"p.25190",32.3980570330163
"p.25190",32.9441684031467
"p.25190",35.4016695687361
"p.25190",34.58250251354
"p.25190",29.2852222232698
"p.25190",39.3268450415516
"p.25190",32.0157790739244
"p.25190",34.3367523969805
"p.25190",34.8059924963511
"p.25190",44.3682244021123
"p.25190",48.5645102610719
"p.25190",10.9551171363241
"p.25190",41.9481919404376
"p.25190",48.0929642284632
"p.25190",44.5898273512633
"p.25190",29.2501627539854
"p.25190",38.5238497412182
"p.25190",37.9047052916812
"p.25190",44.6998954933819
"p.25190",43.6013662025697
"p.25190",38.5849987090612
"p.25190",12.707935878136
"p.25190",35.9678228853724
"p.25190",42.5058544889373
"p.25190",44.6998954933819
"p.25190",44.0395708880234
"p.25190",39.7590588916504
"p.25190",38.1238076344082
"p.25190",53.272980784998
"p.25190",45.3541849443814
"p.25190",49.8486385857797
"p.25190",41.5198939466686
"p.25190",55.4743436273543
"p.25190",33.0844537516991
"p.25190",37.8512110949425
"p.25190",55.0952200267262
"p.25190",39.7590588916504
"p.25190",43.4891459300858
"p.25190",49.4695149851516
"p.25190",56.3915781450014
"p.25190",44.9444913647543
"p.25192",65.0909306131412
"p.25192",55.2345248492749
"p.25192",59.0997820115754
"p.25192",55.2345248492749
"p.25192",51.3692676869741
"p.25192",50.0164276801689
"p.25192",67.6033477686356
"p.25192",53.1086334100094
"p.25192",68.1831363429816
"p.25192",49.6299019639386
"p.25192",22.37983896972
"p.25192",38.0341304770373
"p.25192",22.573101827835
"p.25192",19.4808960979946
"p.25192",16.5819532262692
"p.25192",18.3213189493044
"p.25192",34.5553990309663
"p.25192",41.126336206878
"p.25192",33.5890847403913
"p.25192",31.2699304430113
"p.25192",46.4603910908526
"p.25192",55.3118299925201
"p.25192",59.6022654426734
"p.25192",49.5139442490694
"p.25192",55.7370082803739
"p.25192",67.2941271956524
"p.25192",30.7170958770399
"p.25192",35.3043370382614
"p.25192",36.9818091928565
"p.25192",37.1753636722332
"p.25192",43.4981433318634
"p.25192",40.2399762623603
"p.25192",36.1108140356632
"p.25192",32.3687607677187
"p.25192",37.3043999918179
"p.25192",38.9173539866208
"p.25192",46.3369423627176
"p.25192",39.2076857056855
"p.25192",37.4979544711939
"p.25192",27.355699751869
"p.25192",38.7754140350788
"p.25192",42.5174673030231
"p.25192",44.9691573751246
"p.25192",22.3232832880816
"p.25192",37.0334237206905
"p.25192",72.7506769816211
"p.25192",41.7740882543766
"p.25192",44.0537887714655
"p.25192",53.726281808224
"p.25192",44.6922494782993
"p.25192",36.3838833183285
"p.25192",46.820451834408
"p.25192",37.2627210796404
"p.25192",29.5820127499215
"p.25192",46.1096878768506
"p.25192",50.2255756041831
"p.25192",40.4265370203644
"p.25192",45.5435304207429
"p.25192",39.8992343635771
"p.25192",34.8019753479661
"p.25192",47.1396821878242
"p.25192",52.9060332309986
"p.25192",44.7986595961039
"p.25192",40.1335910999271
"p.25192",43.2025078290223
"p.25192",60.9093157773492
"p.25192",13.0884444900731
"p.25192",69.1703907336844
"p.25192",21.4948437967057
"p.25192",63.252883140848
"p.25192",46.9268619522133
"p.25192",59.8547104637739
"p.25192",23.2013168986441
"p.25192",27.3474002760067
"p.25192",63.780185797636
"p.25192",22.8781753281767
"p.25192",60.6163698569119
"p.25192",14.4717760215443
"p.25192",51.4413036288119
"p.25192",14.8974164927662
"p.25192",60.9679049614363
"p.25192",50.7576261932109
"p.25192",64.2488992703363
"p.25198",31.241215563253
"p.25198",36.5602006866917
"p.25198",48.1368153671159
"p.25198",41.2534228544306
"p.25198",46.363820325969
"p.25198",41.7227450712053
"p.25198",35.3608216882693
"p.25198",43.0785648085518
"p.25198",25.3173262493063
"p.25198",43.6000339383003
"p.25198",33.7442673860472
"p.25198",42.9221240696276
"p.25198",33.7964142990226
"p.25198",34.2396630593091
"p.25198",29.9636161953681
"p.25198",29.4421470656198
"p.25198",26.0786711787393
"p.25198",45.0810062667876
"p.25198",44.5126049153611
"p.25198",33.7964142990226
"p.25198",42.0985492204887
"p.25198",45.4026037369104
"p.25198",45.7389513491134
"p.25198",41.9393145739075
"p.25198",45.0209144362549
"p.25198",42.3861905949404
"p.25198",35.9736493342316
"p.25198",31.9404636033042
"p.25198",42.7471308788674
"p.25198",47.5252648368155
"p.25198",44.9012416174443
"p.25198",42.888926118602
"p.25198",53.5176845717513
"p.25198",33.2252321637724
"p.25198",41.5504026907696
"p.25198",39.202198945083
"p.25198",42.2684396036289
"p.25198",44.6764302027326
"p.25198",32.0962500047941
"p.25198",45.7377607526845
"p.25198",36.045453025518
"p.25198",47.8045623499605
"p.25198",34.2503607433703
"p.25198",51.7705870366243
"p.25198",34.1306879245605
"p.25198",46.408074784234
"p.25198",40.5930201402909
"p.25198",53.6139506233843
"p.25198",24.5568624197749
"p.25198",26.6338108535422
"p.25198",42.8668036976778
"p.25198",43.0565046264892
"p.25198",40.2340016838618
"p.25198",47.636983842073
"p.25198",41.5504026907696
"p.25198",29.3709264823665
"p.25198",45.6192785303031
"p.25198",47.8604218525891
"p.25198",27.0699916147812
"p.25198",34.3700335621805
"p.25198",43.0728152804024
"p.25198",26.6641237450109
"p.25198",36.9195559546301
"p.25198",34.3556979022254
"p.25198",46.4058307485287
"p.25198",26.4077379397704
"p.25198",38.4578707860737
"p.25198",34.8684695127064
"p.25198",38.9706423965546
"p.25198",38.9706423965546
"p.25198",42.3036578646806
"p.25198",46.4058307485287
"p.25198",45.8930591380478
"p.25198",25.3821947188085
"p.25198",46.6622165537691
"p.25198",38.7142565913135
"p.25198",43.3292010856429
"p.25198",37.9450991755922
"p.25198",33.5865404865042
"p.25198",35.637626928428
"p.25201",39.2196459428408
"p.25201",68.1183324270379
"p.25201",29.8275728354758
"p.25201",36.8458252673528
"p.25201",45.6186408071989
"p.25201",44.9993832396799
"p.25201",50.8823301311067
"p.25201",38.7035979699088
"p.25201",44.7929640505076
"p.25201",43.7608681046432
"p.25201",27.1290901252072
"p.25201",23.9151602661675
"p.25201",36.8809457933888
"p.25201",34.5695578810651
"p.25201",31.7518659498528
"p.25201",39.5665584153258
"p.25201",27.8995527626483
"p.25201",24.9497815221596
"p.25201",23.9591867025931
"p.25201",32.3462228415928
"p.25201",46.3642401993766
"p.25201",36.3306153380735
"p.25201",31.9279716955538
"p.25201",39.1042808328606
"p.25201",45.4000612416639
"p.25201",39.7646773792391
"p.25201",39.3244130149872
"p.25201",40.0288359977901
"p.25201",49.9788106298844
"p.25201",23.0786579740889
"p.25201",53.3731421530104
"p.25201",38.0346261282111
"p.25201",21.6101670141308
"p.25201",37.3087744845421
"p.25201",52.805946168388
"p.25201",53.761411741021
"p.25201",47.1339863221596
"p.25201",46.7448458522283
"p.25201",30.6853027680965
"p.25201",43.3575381817768
"p.25201",49.9699662452731
"p.25201",48.2683782914046
"p.25201",68.6874337378281
"p.25201",42.0292224605532
"p.25201",53.9403381376335
"p.25201",33.0504448416894
"p.25201",43.1068948313373
"p.25201",8.49246423091726
"p.25201",30.0613871850113
"p.25201",46.841626071384
"p.25201",28.9269952157657
"p.25201",38.3733568952557
"p.25201",37.5265299776429
"p.25201",24.3402251176714
"p.25201",28.4533844317914
"p.25201",19.3802388859392
"p.25201",24.3402251176714
"p.25201",17.6865850507139
"p.25201",20.2270658035521
"p.25201",27.3646069662889
"p.25201",30.388988814906
"p.25201",30.75191463674
"p.25201",32.4078127001365
"p.25201",35.8137293214885
"p.25201",23.9859097818846
"p.25201",22.592580254968
"p.25201",34.0075614162258
"p.25201",41.1290234426896
"p.25201",37.8263164159235
"p.25201",35.5557053350224
"p.25201",28.9837148142279
"p.25201",9.69905133705083
"p.25201",39.1932425374389
"p.25201",42.596418445176
"p.25201",38.6260465528164
"p.25201",47.1339863221596
"p.25201",29.5509107988508
"p.25201",37.4916545835711
"p.25201",27.8493228449822
"p.25201",22.7445589833765
"p.25203",31.3408863875705
"p.25203",35.1864845444745
"p.25203",26.5154239115583
"p.25203",15.1903589168352
"p.25203",22.4285526308535
"p.25203",25.5798750641678
"p.25203",36.4125459286858
"p.25203",21.0498490662788
"p.25203",31.2916469745497
"p.25203",36.1663488635828
"p.25203",33.5074205604741
"p.25203",59.0872956246418
"p.25203",48.3826472339778
"p.25203",71.8895430099805
"p.25203",52.1937778017675
"p.25203",66.6701652298041
"p.25203",20.6066943490941
"p.25203",67.6057140771943
"p.25203",61.4476466399747
"p.25203",51.0455144862613
"p.25203",53.1902840024915
"p.25203",46.5432223897604
"p.25203",37.5926026994218
"p.25203",48.9623087925549
"p.25203",40.0116891022157
"p.25203",43.8822273466866
"p.25203",47.9946742314375
"p.25203",63.2349185690402
"p.25203",53.8004815981435
"p.25203",42.67268414529
"p.25203",34.2058817355103
"p.25203",47.9946742314375
"p.25203",44.3660446272458
"p.25203",58.1548371231729
"p.25203",46.0594051092014
"p.25203",32.5125212535539
"p.25203",55.25193343982
"p.25203",36.3830594980248
"p.25203",29.5442000860609
"p.25203",21.5013144002005
"p.25203",33.8337391185199
"p.25203",52.976333295384
"p.25203",45.4457049530249
"p.25203",25.1457502910106
"p.25203",49.0473098124143
"p.25203",61.2709384261001
"p.25203",69.5655435568149
"p.25203",52.5397751306102
"p.25203",39.7704488109563
"p.25203",64.4359851207144
"p.25203",59.9612639317762
"p.25203",55.1591241192565
"p.25203",46.3188212825734
"p.25203",62.9080315440043
"p.25203",70.4386598863635
"p.25203",62.7988920028098
"p.25203",67.4918922741353
"p.25203",59.3064266846146
"p.25203",40.8618442228919
"p.25203",35.1865880808239
"p.25203",68.6924272272663
"p.25203",40.4289053809255
"p.25203",37.7479434856388
"p.25203",54.3699072364167
"p.25203",22.198364492975
"p.25203",55.9784843735892
"p.25203",45.2546367924417
"p.25203",44.718444413385
"p.25203",23.8069416301471
"p.25203",47.9355986877282
"p.25203",30.7774425578929
"p.25203",32.3860196950652
"p.25203",26.487903525434
"p.25203",43.1098672762126
"p.25203",32.3860196950652
"p.25203",21.6621721139176
"p.25203",19.5174025976882
"p.25203",29.7050577997782
"p.25203",32.9222120741221
"p.25203",40.47479750288
"p.25203",33.4828008539636
"p.25203",30.3807178336702
"p.25203",30.9223513768958
"p.25203",49.5348494986576
"p.25203",11.6254254141482
"p.25203",61.4689854950013
"p.25203",33.1656745823086
"p.25203",50.341188042147
"p.25203",27.8436844961614
"p.25203",64.8557064589132
"p.25203",51.0669139629853
"p.25203",48.164010279633
"p.25203",45.2611065962799
"p.25203",33.8914005031467
"p.28135",43.0189632297478
"p.28135",35.3719972073506
"p.28135",22.6541368413516
"p.28135",37.6182934764299
"p.28135",34.8940618309508
"p.28135",31.2617529703124
"p.28135",34.8223715244909
"p.28135",57.7489315303904
"p.28135",42.0869892457682
"p.28135",37.5466031699702
"p.28135",32.5282817177723
"p.28135",57.6185919299262
"p.28135",55.7692077381658
"p.28135",40.768647071674
"p.28135",35.2204944963958
"p.28135",34.8095202315597
"p.28135",35.0150073639779
"p.28135",37.2753658205723
"p.28135",90.2910459843421
"p.28135",77.1398695096076
"p.28135",54.9472592084953
"p.28135",50.4265422953058
"p.28135",68.9203842128994
"p.28135",32.9601360398006
"p.28135",70.7697684046587
"p.28135",65.6325900942164
"p.28135",78.9892537013669
"p.28135",61.5228474458624
"p.28135",68.3039228156468
"p.28135",70.5642812722409
"p.28135",31.932700377712
"p.28135",51.5984316843591
"p.28135",54.1549188033193
"p.28135",44.3550515139698
"p.28135",4.7295011700775
"p.28135",59.2213915627844
"p.28135",31.5726159191657
"p.28135",14.8361709605588
"p.28135",15.8076120189077
"p.28135",39.0836525858483
"p.28135",54.5809999898129
"p.28135",47.3031378825569
"p.28135",40.094239649035
"p.28135",8.5642318485187
"p.28135",64.3808672791628
"p.28135",52.4505940573456
"p.28135",43.5028891409834
"p.28135",43.9289703274763
"p.28135",31.5963077337923
"p.28135",27.1515087332743
"p.28135",28.2985536366338
"p.28135",35.3242036697108
"p.28135",32.2654172607524
"p.28135",27.6772376473138
"p.28135",11.3223409962158
"p.28135",9.47295680445643
"p.28135",9.26746967203871
"p.28135",55.1938437673965
"p.28135",13.993673717646
"p.28135",16.6650064390762
"p.28135",26.2022360951386
"p.28135",28.4805165530943
"p.28135",39.0357821402236
"p.28135",53.2417160094285
"p.28135",30.9095213240306
"p.28135",34.9726517321274
"p.28135",34.1798457988402
"p.28135",35.0717524737878
"p.28135",39.2339836235451
"p.28135",42.256556244202
"p.28135",42.6529592108459
"p.28135",42.6529592108459
"p.28135",42.6529592108459
"p.28135",44.7836251565551
"p.28135",10.4947685418879
"p.28135",45.9232836856547
"p.28135",42.9502614358289
"p.28135",43.14846291915
"p.28135",42.3556569858634
"p.28135",43.247563660811
"p.28135",5.68838257133491
"p.28135",44.3550515139698
"p.28135",43.9289703274763
"p.28135",11.546800153973
"p.28135",24.7553169352705
"p.28135",51.1723504978652
"p.28135",22.1988298163097
"p.28135",15.3815308324142
"p.28135",21.3466674433228
"p.28135",34.1291030381265
"p.28135",37.5377525300742
"p.28135",71.1981662630589
"p.28135",54.6662162271113
"p.28135",41.3724832085156
"p.28135",19.6423426973489
"p.28135",34.981265411114
"p.28135",56.7114059222804
"p.28135",52.4505940573456
"p.28135",38.3782107249061
"p.28135",36.7054369075066
"p.28135",33.7422375738276
"p.28141",13.2141177597771
"p.28141",15.5541177797376
"p.28141",12.6910589317859
"p.28141",18.1143530956946
"p.28141",14.8108236557505
"p.28141",16.6002354357203
"p.28141",13.0214118757806
"p.28141",11.0117647998144
"p.28141",19.2155295756762
"p.28141",14.2327060037601
"p.28141",27.3642355275387
"p.28141",20.536941351654
"p.28141",22.5741178396193
"p.28141",25.5472943355694
"p.28141",21.9134119516308
"p.28141",26.2355296355576
"p.28141",16.380000139724
"p.28141",30.0456002562933
"p.28141",21.1150590036442
"p.28141",21.3628237116396
"p.28141",16.019563104469
"p.28141",24.717968410063
"p.28141",23.9931013012635
"p.28141",25.4428355188625
"p.28141",26.8925697364615
"p.28141",25.4428355188625
"p.28141",21.0936328660655
"p.28141",19.6438986484665
"p.28141",26.167702627662
"p.28141",28.2635834734796
"p.28141",23.7958871457148
"p.28141",33.1154677530899
"p.28141",34.7571736121965
"p.28141",19.6641984428348
"p.28141",22.7805518295762
"p.28141",26.3238753116605
"p.28141",22.8582998142244
"p.28141",28.9187864432527
"p.28141",21.6688533872671
"p.28141",29.7909967873551
"p.28141",39.6478070228092
"p.28141",33.1777042448662
"p.28141",20.9745990054564
"p.28141",24.2873736105128
"p.28141",30.3112030141327
"p.28141",38.567552680966
"p.28141",32.3994210041603
"p.28141",21.1460292207581
"p.28141",40.1889247402899
"p.28141",17.469297322068
"p.28141",33.4163737156571
"p.28141",8.01330671380416
"p.28141",13.6731150696342
"p.28141",31.2417723892586
"p.28141",21.0936328660655
"p.28141",8.53098068183453
"p.28141",26.8925697364615
"p.28141",13.4776559245561
"p.28141",19.6438986484665
"p.28141",10.220626234073
"p.28141",11.1554198465284
"p.28141",34.1412408244566
"p.28141",25.7823522823514
"p.28141",24.3528380281247
"p.28141",34.866107933256
"p.28141",37.0407092596545
"p.28141",10.9454933428725
"p.28141",26.167702627662
"p.28141",21.818499974865
"p.28141",47.6583138090569
"p.28141",35.0079087005834
"p.28141",40.2270619498747
"p.28141",39.4961038284353
"p.28141",51.5452528007274
"p.28141",40.5923581975273
"p.28141",38.5022240512797
"p.28141",38.8372097264051
"p.28141",4.41011399935028
"p.28141",51.4668750073263
"p.28141",10.9887370923037
"p.28141",12.4506533351823
"p.28141",11.825844220122
"p.28141",15.979438547125
"p.28141",17.3237074781107
"p.28141",11.4760425065966
"p.28141",14.2775288923173
"p.28141",12.4506533351823
"p.28141",15.7394934103812
"p.28141",40.470714657021
"p.28153",32.8516195577478
"p.28153",27.8065494113791
"p.28153",32.4996379196292
"p.28153",24.9906963064291
"p.28153",55.6130988227581
"p.28153",33.2036011958665
"p.28153",41.8858149361281
"p.28153",25.4600051572546
"p.28153",33.9075644721033
"p.28153",70.9829636872767
"p.28153",55.7304260354642
"p.28153",74.2681256430504
"p.28153",78.3745780877687
"p.28153",63.3566948613695
"p.28153",73.3295079414004
"p.28153",85.5315380628496
"p.28153",72.0389086016314
"p.28153",57.8423158641773
"p.28153",70.630982049157
"p.28153",29.4491303892662
"p.28153",28.0540830790438
"p.28153",33.3451122193398
"p.28153",28.2866557885075
"p.28153",21.9490494556247
"p.28153",48.1716224476427
"p.28153",33.9265439929994
"p.28153",28.4029421432392
"p.28153",35.9034120234394
"p.28153",30.9612419473383
"p.28153",28.6355148527029
"p.28153",84.9471821315701
"p.28153",72.91154441683
"p.28153",70.0043855485357
"p.28153",54.2185128936957
"p.28153",78.3188599118585
"p.28153",68.9578083559499
"p.28153",28.7183541373366
"p.28153",35.110733046719
"p.28153",68.4931562401605
"p.28153",39.8458285351503
"p.28153",42.4501310537877
"p.28153",48.3690004143265
"p.28153",46.7117169933762
"p.28153",45.2911883468462
"p.28153",44.4862221138129
"p.28153",37.4782807909344
"p.28153",46.474962218954
"p.28153",29.1918636861798
"p.28153",68.0196466913167
"p.28153",54.2878697748667
"p.28153",42.9236406026303
"p.28153",47.8954908654836
"p.28153",52.6305863539156
"p.28153",50.2630386097001
"p.28153",40.3193380839937
"p.28153",45.5279431212684
"p.28153",22.0241757256754
"p.28153",51.1863822299438
"p.28153",48.345324936885
"p.28153",67.3575528146537
"p.28153",42.4841837209301
"p.28153",42.2495292955173
"p.28153",28.6395726215931
"p.28153",59.4966295633349
"p.28153",44.6216488672035
"p.28153",53.2211101049948
"p.28153",48.9213794860991
"p.28153",52.2656144119067
"p.28153",43.6661531741159
"p.28153",45.0993967137479
"p.28153",51.787866565362
"p.28153",37.9331790155882
"p.28153",49.3991273326429
"p.28153",12.1347953022159
"p.28153",44.6216488672035
"p.28153",53.2211101049948
"p.28153",44.6216488672035
"p.28153",43.6661531741159
"p.28153",44.1439010206593
"p.28153",41.277413941396
"p.28153",42.7106574810274
"p.28153",47.4881359464672
"p.28153",40.7996660948519
"p.28153",46.5326402533791
"p.28153",19.1349196711156
"p.28153",37.3279198689038
"p.28153",42.6770921865663
"p.28153",43.9562420886153
"p.28173",51.6043736407571
"p.28173",95.9951557366688
"p.28173",79.0274716564814
"p.28173",49.8396926005168
"p.28173",54.2533888308598
"p.28173",49.0053186736491
"p.28173",37.3014290058278
"p.28173",51.7383002228672
"p.28173",52.2144497115999
"p.28173",53.7577170194628
"p.28173",60.2359018728398
"p.28173",41.0329572793922
"p.28173",54.9476776333985
"p.28173",52.3087507631634
"p.28173",39.3779255597966
"p.28173",26.7195065853624
"p.28173",44.8523255657123
"p.28173",31.260711757921
"p.28173",15.0262841541696
"p.28173",34.6586152098687
"p.28173",29.939304859941
"p.28173",37.3014290058278
"p.28173",25.4087669240103
"p.28173",21.9260555926796
"p.28173",37.9748005368759
"p.28173",15.4198076423294
"p.28173",32.3360523132394
"p.28173",47.9510473940793
"p.28173",51.204171369254
"p.28173",25.6129294312111
"p.28173",67.2529163134506
"p.28173",55.9754198661783
"p.28173",25.7108027864057
"p.28173",40.0575062501862
"p.28173",23.973741741303
"p.28173",25.7986086499692
"p.28173",13.6686109629518
"p.28173",20.6818249648852
"p.28173",16.9963094434611
"p.28173",13.9548645956838
"p.28173",19.0358665766763
"p.28173",17.8550703416573
"p.28173",30.307103365498
"p.28173",25.7270452417866
"p.28173",37.1127834837009
"p.28173",73.3954314324792
"p.28173",79.5498845362163
"p.28173",67.8134855942048
"p.28173",66.8115978796434
"p.28173",40.7502924201691
"p.28173",71.6063462279047
"p.28173",48.7234465470137
"p.28173",81.6252233735227
"p.28173",68.6563318641249
"p.28173",53.7066678762906
"p.28173",28.915141763134
"p.28173",68.905492930588
"p.28173",66.9122043988778
"p.28173",31.531332961005
"p.28173",23.7325915806851
"p.28173",34.9168640002119
"p.28173",32.4656869602445
"p.28173",28.6274909815402
"p.28173",36.7637153567471
"p.28173",30.1456155032882
"p.28173",31.2198816279254
"p.28173",33.1818645467853
"p.28173",38.8815844216899
"p.28173",33.6156144101418
"p.28173",39.4297387679103
"p.28173",28.9528033790574
"p.28173",41.9960977524886
"p.28173",33.0734270809457
"p.28173",44.2385473506632
"p.28173",29.9287405716097
"p.28173",33.3875829061614
"p.28173",41.2062370188837
"p.28173",43.4287738846557
"p.28173",31.6637400250364
"p.28180",62.569555286633
"p.28180",58.3082915894725
"p.28180",57.985468582112
"p.28180",54.6926739070346
"p.28180",33.9674368344834
"p.28180",55.4674491246993
"p.28180",28.8668333181856
"p.28180",33.1926616168176
"p.28180",39.3262987566693
"p.28180",34.9359058565651
"p.28180",26.022430902284
"p.28180",28.8757676240256
"p.28180",22.3130931640198
"p.28180",21.1717584753232
"p.28180",10.0437452605307
"p.28180",47.1371226431725
"p.28180",41.7157828718635
"p.28180",55.9824664805709
"p.28180",55.6971328083976
"p.28180",43.1424512327338
"p.28180",18.6037554257557
"p.28180",34.8677747396831
"p.28180",31.4437706735932
"p.28180",12.326414637924
"p.28180",38.0064451335992
"p.28180",48.278457331869
"p.28180",58.2651358579653
"p.28180",32.2997716901157
"p.28180",39.7184471666441
"p.28180",55.9824664805709
"p.28180",72.3690480343876
"p.28180",57.7406744805257
"p.28180",41.7322656857336
"p.28180",37.4113698607148
"p.28180",46.2088852735974
"p.28180",46.4671436794858
"p.28180",36.5715890974692
"p.28180",42.722384597373
"p.28180",40.2407724161261
"p.28180",42.1251711380738
"p.28180",38.9453676079833
"p.28180",43.4003251095595
"p.28180",35.0714915196562
"p.28180",27.3818474843269
"p.28180",28.7377041152413
"p.28180",23.1851483886388
"p.28180",29.5770439343788
"p.28180",30.6100775579325
"p.28180",28.3503165064082
"p.28180",29.7061731373229
"p.28180",5.23618917938902
"p.28180",20.4734351268099
"p.28180",30.7392067608772
"p.28180",33.2396674863353
"p.28180",36.9107151002879
"p.28180",39.7450149387947
"p.28180",59.3508279695776
"p.28180",56.0294307817726
"p.28180",33.8403843686186
"p.28180",47.8872228602836
"p.28180",39.7941561352477
"p.28180",34.9148915955378
"p.28180",10.3323303752706
"p.28180",49.4052616253069
"p.28180",48.2709388074653
"p.28180",44.4371347579579
"p.28180",35.9896158807874
"p.28180",25.1166413849325
"p.28180",52.4759569834482
"p.28180",49.5432651493993
"p.28180",26.965513382489
"p.28180",38.3649796978638
"p.28191",66.3824968925767
"p.28191",68.2446291026035
"p.28191",35.4028799449837
"p.28191",36.7449572134711
"p.28191",37.4719157339021
"p.28191",68.5745564311058
"p.28191",52.626204890576
"p.28191",43.623103214471
"p.28191",47.2578958166252
"p.28191",43.623103214471
"p.28191",29.3635322367884
"p.28191",42.4152336728325
"p.28191",35.8166871027671
"p.28191",51.5301751213116
"p.28191",24.7445496377431
"p.28191",37.717963233125
"p.28191",35.8166871027671
"p.28191",34.4746098342797
"p.28191",30.1128587116945
"p.28191",55.3439113592639
"p.28191",36.4877257370107
"p.28191",74.1889130042807
"p.28191",65.2417312143616
"p.28191",52.9952761394109
"p.28191",52.3242375051665
"p.28191",73.5178743700366
"p.28191",56.2386295382563
"p.28191",62.7253363359472
"p.28191",18.1460030676782
"p.28191",71.7843578982391
"p.28191",75.3073107280194
"p.28191",50.9426063816909
"p.28191",51.2384403328039
"p.28191",73.4546521665183
"p.28191",91.7381082401995
"p.28191",53.0041361544768
"p.28191",31.9105221546372
"p.28191",60.9713773244284
"p.28191",24.8364442888366
"p.28191",91.4422742890866
"p.28191",38.0842628375173
"p.28191",78.1297464889933
"p.28191",49.2741678252368
"p.28191",75.7630748800885
"p.28191",44.0007643252772
"p.28191",54.1671964488246
"p.28191",49.1455482276778
"p.28191",59.7880415199756
"p.28191",66.5091938982783
"p.28191",79.6089162445592
"p.28191",52.4896577642377
"p.28191",16.3004507063367
"p.28191",83.3583611786386
"p.28191",100.613126773596
"p.28191",73.9691305567577
"p.28191",81.9755878534652
"p.28191",71.1394994104375
"p.28191",90.1751998493192
"p.28191",76.0589088312016
"p.28191",82.4580239957184
"p.28191",74.4836089469978
"p.28191",79.0172483423331
"p.28191",57.1199632763971
"p.28191",105.938137893633
"p.28191",78.5994360689175
"p.28191",102.683964431388
"p.28191",73.3260325689582
"p.28191",58.3088717644097
"p.28191",73.9691305567577
"p.28191",44.7005100132028
"p.28191",27.9660225407404
"p.28191",47.6987391753255
"p.28191",54.5031242217344
"p.28191",34.0899690825083
"p.28191",26.6051455314586
"p.28191",72.8749638470384
"p.28191",33.4095305778675
"p.28191",25.9247070268177
"p.28191",35.4508460917901
"p.28191",47.6987391753255
"p.28191",35.4508460917901
"p.28191",59.2661937542212
"p.28191",48.3791776799666
"p.28191",64.7097017913481
"p.28191",27.9660225407404
"p.28191",49.0596161846083
"p.28191",74.2358408563209
"p.28191",66.0705788006298
"p.28191",27.9660225407404
"p.28191",31.3682150639448
"p.28196",34.3375621869976
"p.28196",65.09607443521
"p.28196",43.5376278603642
"p.28196",23.0226033679857
"p.28196",30.5565595870901
"p.28196",25.6311585741534
"p.28196",29.2102085129388
"p.28196",29.154110551516
"p.28196",31.1736371627429
"p.28196",28.3406901108828
"p.28196",44.9176377113697
"p.28196",34.1187801374483
"p.28196",53.051842117699
"p.28196",56.5579647066353
"p.28196",63.6206980497868
"p.28196",46.4620179033317
"p.28196",36.3928499366658
"p.28196",36.3928499366658
"p.28196",46.1024047616657
"p.28196",35.6736236533326
"p.28196",59.048477861665
"p.28196",41.0678207783325
"p.28196",47.9004704699986
"p.28196",40.7082076366655
"p.28196",45.7427916199984
"p.28196",43.9447259116651
"p.28196",47.9004704699986
"p.28196",45.0235653366655
"p.28196",59.7677041449983
"p.28196",58.2885812633693
"p.28196",50.7387484195584
"p.28196",35.8326681894704
"p.28196",42.6081592031462
"p.28196",45.318355608617
"p.28196",36.9941809346721
"p.28196",36.2198391045379
"p.28196",39.317206425075
"p.28196",40.0915482552098
"p.28196",39.317206425075
"p.28196",41.0594755428779
"p.28196",35.6584412776904
"p.28196",27.5278520612785
"p.28196",31.2526155899764
"p.28196",35.9524920925039
"p.28196",39.9124767287798
"p.28196",34.3372352013911
"p.28196",36.1609123365185
"p.28196",24.3226424764941
"p.28196",36.2651224585259
"p.28196",39.2872159967363
"p.28196",32.30513782225
"p.28196",32.1488226392393
"p.28196",38.245114776664
"p.28196",38.4014299596748
"p.28196",32.30513782225
"p.28196",38.0887995936531
"p.28196",27.9924571593595
"p.28196",27.9924571593595
"p.28196",24.7982971100547
"p.28196",26.4437734990905
"p.28196",33.3160572415338
"p.28196",33.8000208853677
"p.28196",23.1528207210193
"p.28196",35.445497274403
"p.28196",32.7353008689329
"p.28196",44.268377739165
"p.28196",36.7165017641658
"p.28196",43.9087645974987
"p.28196",31.3223046391657
"p.28196",33.839596630832
"p.28196",50.3818011474983
"p.28196",42.8299251724982
"p.28196",44.268377739165
"p.28196",39.953020039165
"p.28196",35.6376623391654
"p.28196",38.8741806141657
"p.28196",37.4357280474986
"p.28196",27.0069469391655
"p.28196",42.1106988891654
"p.28196",27.3665600808325
"p.28196",40.3126331808321
"p.28196",32.4011440641657
"p.28196",30.6030783558321
"p.28196",31.681917780832
"p.28196",31.681917780832
"p.28196",52.8498894565772
"p.28196",57.7023631196638
"p.28196",55.7389344698594
"p.28196",37.0302643353002
"p.28196",43.3412849953843
"p.28196",56.7767467561842
"p.28197",45.9356993887421
"p.28197",68.3826287807672
"p.28197",55.1228392664899
"p.28197",46.2198377354769
"p.28197",50.2924873720047
"p.28197",37.9798256801766
"p.28197",38.5481023736458
"p.28197",59.4796272497523
"p.28197",50.1501086290551
"p.28197",62.7833980971221
"p.28197",40.2782082512864
"p.28197",54.1771817080159
"p.28197",59.0818280184644
"p.28197",68.660814167733
"p.28197",34.5772926218733
"p.28197",60.0545977786254
"p.28197",31.1584526642044
"p.28197",72.6490607870746
"p.28197",54.8937490703202
"p.28197",30.8774251423832
"p.28197",36.4149190991206
"p.28197",57.1158897433198
"p.28197",52.2868836025974
"p.28197",51.8681968231334
"p.28197",27.013109215531
"p.28197",36.2012416017664
"p.28197",68.4509064509247
"p.28197",13.4550846473605
"p.28197",76.4273996896101
"p.28197",39.2737338146833
"p.28197",30.8774251423832
"p.28197",42.6322572836026
"p.28197",62.1536749467009
"p.28197",43.0520727172176
"p.28197",49.9790273718658
"p.28197",74.1184148047271
"p.28197",79.1562000081083
"p.28197",50.2425843835481
"p.28197",57.732451129614
"p.28197",87.5058344680131
"p.28197",60.0119757914603
"p.28197",68.8509489700462
"p.28197",40.4731929756351
"p.28197",59.1280784736003
"p.28197",46.0557023515857
"p.28197",95.4143894172736
"p.28197",89.366670926662
"p.28197",64.2453787348886
"p.28197",33.0298471410358
"p.28197",32.0994289117109
"p.28197",47.4978506070394
"p.28197",34.8906835996861
"p.28197",39.0775656316483
"p.28197",52.1034208421978
"p.28197",25.5865013064363
"p.28197",33.495056255698
"p.28197",24.1908739624488
"p.28197",47.2711496183943
"p.28197",34.2954984508528
"p.28197",90.365465539792
"p.28197",71.7070474375596
"p.28197",63.1828970355256
"p.28197",77.0109632432707
"p.28197",68.0132489300124
"p.28197",71.4229090908262
"p.28197",80.7047617508196
"p.28197",89.4183377173432
"p.28197",91.1231677977502
"p.28197",66.0242805028697
"p.28198",61.6127585555726
"p.28198",42.6502325547465
"p.28198",72.7767701596143
"p.28198",44.2065643183702
"p.28198",58.8709177590079
"p.28198",66.3154650037768
"p.28198",47.6900505762992
"p.28198",55.0503199277312
"p.28198",73.0633149969606
"p.28198",80.0302875128184
"p.28198",71.8834244902418
"p.28198",78.4571001705286
"p.28198",55.949284123326
"p.28198",67.9448376082925
"p.28198",68.9617908545591
"p.28198",56.1178399100001
"p.28198",77.2210244015848
"p.28198",47.5214947896254
"p.28198",61.6730800077314
"p.28198",57.4569180626532
"p.28198",65.6550107336391
"p.28198",61.5793875200637
"p.28198",64.9523170761267
"p.28198",54.6461434326012
"p.28198",55.1146058709435
"p.28198",50.8984439258645
"p.28198",66.357704391152
"p.28198",56.0515307476268
"p.28198",49.4930566108385
"p.28198",18.5745356802626
"p.28198",66.5919356103238
"p.28198",49.0245941724961
"p.28198",55.7236070407875
"p.28198",41.7634263781944
"p.28198",63.6552191683646
"p.28198",30.1776433472864
"p.28198",47.8729334241416
"p.28198",56.0032018378326
"p.28198",64.1334702515238
"p.28198",57.4379550873071
"p.28198",65.0899724178394
"p.28198",60.3074615862572
"p.28198",51.6989420894086
"p.28198",40.22091609361
"p.28198",71.7854875820558
"p.28198",84.6982668273282
"p.28198",74.6549940810042
"p.28198",70.828985415738
"p.28198",42.1339204262426
"p.28198",63.176968085206
"p.28198",35.4384052620269
"p.28198",68.9159810831064
"p.28198",39.7426650104519
"p.28198",71.7854875820558
"p.28198",47.4246427253644
"p.28198",56.6021255943259
"p.28198",37.7882857129531
"p.28198",49.9484505143284
"p.28198",89.6410639225912
"p.28198",71.2860981846662
"p.28198",81.1518922688014
"p.28198",64.5177045688061
"p.28198",46.6216129743298
"p.28198",91.0176863529363
"p.28198",76.1042766908719
"p.28198",75.4159654756993
"p.28198",75.4159654756993
"p.28198",67.1562308936334
"p.28198",74.8423727963887
"p.28198",53.2752880543272
"p.28198",55.3402216998439
"p.28198",39.9679378943317
"p.28198",69.1064460032878
"p.28198",23.1483280365637
"p.28198",22.5302901520924
"p.28198",32.0817847302858
"p.28198",30.0050191758086
"p.28198",83.6439683659749
"p.28198",85.5178181193421
"p.28198",79.4278064208955
"p.28198",74.2747195991342
"p.28198",45.9327420794388
"p.28198",47.5723606136357
"p.28198",71.2297137499102
"p.28198",71.6981761882518
"p.28198",55.7704532846225
"p.28247",32.1121038455827
"p.28247",43.1538991818134
"p.28247",42.0363085607377
"p.28247",41.1422360638763
"p.28247",22.5008245043295
"p.28247",25.8535963675572
"p.28247",43.1166461611102
"p.28247",26.9339339679309
"p.28247",34.7198152947601
"p.28247",38.3855125318888
"p.28247",38.2365004490791
"p.28247",35.3903696674052
"p.28247",34.3845381084373
"p.28247",37.1785146611273
"p.28247",40.955970960364
"p.28247",25.9281024089624
"p.28247",31.9630917627724
"p.28247",27.6636776326036
"p.28247",35.120194514707
"p.28247",17.2245539976588
"p.28247",66.437565419541
"p.28247",18.7158573740795
"p.28247",26.1723742561829
"p.28247",61.3051954938564
"p.28247",56.3984550224643
"p.28247",44.9703932527656
"p.28247",45.0676689501089
"p.28247",43.4890936781213
"p.28247",54.7306406232066
"p.28247",51.1017227347882
"p.28247",52.8079758639507
"p.28247",38.7683011409383
"p.28247",48.2541691988678
"p.28247",47.3908400386641
"p.28247",51.2134939241696
"p.28247",34.3494832939763
"p.28247",22.5649884964572
"p.28247",16.5413878283729
"p.28247",24.7911292122487
"p.28247",22.8693362500593
"p.28247",51.5629509311148
"p.28247",51.9996716769366
"p.28247",58.6281113131316
"p.28247",18.6637633719685
"p.28247",11.0306194300199
"p.28247",11.1796315128299
"p.28247",15.1220202826648
"p.28247",37.947172974275
"p.28247",22.6805157749085
"p.28247",36.8234922015294
"p.28247",26.1171040034793
"p.28247",30.5062046456639
"p.28247",30.8983861249385
"p.28247",28.0394986199291
"p.28247",24.7439649917297
"p.28247",34.6294769305693
"p.28247",10.0504395857589
"p.28247",25.1465358245216
"p.28247",19.3882366007818
"p.28247",23.9200815846798
"p.28247",14.7142849672958
"p.28247",15.6812475141816
"p.28247",18.4275255376811
"p.28247",19.1096555010021
"p.28247",11.6983385195994
"p.28247",11.9729848062183
"p.28247",75.0860883398525
"p.28247",47.7962732142823
"p.28247",31.3919360736553
"p.28247",19.4615090622898
"p.28247",53.3873590937735
"p.28247",44.8136664614418
"p.28247",53.0158350317548
"p.28247",43.3223630850207
"p.28247",37.357149579338
"p.28247",47.0506215260723
"p.28247",29.1549810090242
"p.28247",44.0617059317224
"p.28247",44.4267635866623
"p.28247",37.7281333535545
"p.28248",63.3238558961303
"p.28248",66.1570137614716
"p.28248",44.2583700258325
"p.28248",65.6014926114049
"p.28248",18.0377717426736
"p.28248",38.2587416051103
"p.28248",76.6563634977372
"p.28248",69.6567970068939
"p.28248",66.3236701064925
"p.28248",66.3236701064925
"p.28248",42.9251192656718
"p.28248",71.3789125721012
"p.28248",65.1570756913506
"p.28248",64.4348981962641
"p.28248",75.8786338876433
"p.28248",82.378231343427
"p.28248",37.2588035349897
"p.28248",62.2072583844955
"p.28248",47.0970831026751
"p.28248",65.5681613424002
"p.28248",29.987031680613
"p.28248",35.8755558713229
"p.28248",35.0700502037258
"p.28248",58.9296835991002
"p.28248",61.1350243701669
"p.28248",72.2702353838359
"p.28248",74.4429594840623
"p.28248",103.231553812085
"p.28248",69.8259207710791
"p.28248",77.1588646093478
"p.28248",60.3202528325808
"p.28248",55.9748046321249
"p.28248",64.9153326349073
"p.28248",81.7296648622646
"p.28248",61.9127733085926
"p.28248",49.3020241380748
"p.28248",70.319939422272
"p.28248",67.317380095958
"p.28248",83.5312004580526
"p.28248",47.5004885422858
"p.28248",62.5132851738554
"p.28248",76.325058074899
"p.28248",33.0882037759793
"p.28248",33.6887156412422
"p.28248",7.86670543494247
"p.28248",82.8622653724461
"p.28248",65.5158445001699
"p.28248",94.5406574111715
"p.28248",19.8769427401981
"p.28248",53.8020805318964
"p.28248",91.8247522858885
"p.28248",80.6895412722187
"p.28248",77.1588646093478
"p.28248",76.3440930717632
"p.28248",78.7884076845191
"p.28248",76.6156835842907
"p.28248",79.6031792221044
"p.28248",30.6861563149282
"p.28248",23.4800139317748
"p.28248",60.1112377128039
"p.28248",66.0953015771929
"p.28248",46.5651901652366
"p.28248",36.7387190145665
"p.28248",46.3195283864703
"p.28248",28.1405567577305
"p.28248",65.603978019659
"p.28248",40.423645696068
"p.28248",38.3355205765508
"p.28248",22.6131667354789
"p.28248",61.0592351124753
"p.28248",50.4957786255051
"p.28248",56.88298487344
"p.28248",60.3222497761744
"p.28248",51.8469184087211
"p.28248",69.9030591480773
"p.28248",44.8455577138691
"p.28248",61.5505586700077
"p.28248",59.339602661108
"p.28258",24.8120029942094
"p.28258",36.5609888357043
"p.28258",18.1645504786267
"p.28258",28.9859848063197
"p.28258",38.7768063408986
"p.28258",37.6431322684733
"p.28258",32.3354763839384
"p.28258",32.6961908615283
"p.28258",36.2518049977701
"p.28258",59.811613448346
"p.28258",57.8534491414305
"p.28258",69.3963124243026
"p.28258",55.6376316362365
"p.28258",33.9329262132647
"p.28258",44.9089524599244
"p.28258",43.3115026305985
"p.28258",64.6554935759807
"p.28258",48.0215212543721
"p.28258",49.1271081583178
"p.28258",38.6249311016118
"p.28258",45.6363141158038
"p.28258",44.0650622426834
"p.28258",72.399068441747
"p.28258",29.2283409488507
"p.28258",54.0142198178377
"p.28258",26.7555540665452
"p.28258",54.2469394206721
"p.28258",35.1630294663836
"p.28258",36.1521442193063
"p.28258",60.5303686971983
"p.28258",59.8908982894388
"p.28258",71.7009096332445
"p.28258",33.1847999605396
"p.28258",33.0694555627526
"p.28258",67.3092589363549
"p.28258",63.555723534044
"p.28258",23.7882098077786
"p.28258",22.3045376783954
"p.28258",42.0868327368388
"p.28258",44.5596196191447
"p.28258",32.6902425840786
"p.28258",43.0759474897614
"p.28258",32.6902425840786
"p.28258",49.999750760217
"p.28258",32.6902425840786
"p.28258",65.1847607538833
"p.28258",29.1132223145696
"p.28258",54.9450982291749
"p.28258",55.643257037678
"p.28258",57.2722942575184
"p.28258",55.4105374348444
"p.28258",51.2215845838262
"p.28258",59.8322098886958
"p.28258",58.4358922716898
"p.28258",37.7915069178627
"p.28258",50.2755167371515
"p.28258",28.2642362663012
"p.28258",52.5752027564935
"p.28258",32.8636083049861
"p.28258",58.3791722338821
"p.28258",25.7455325308307
"p.28258",34.8347677501368
"p.28258",68.2349694596364
"p.28258",57.1745747951787
"p.28258",39.5436486468856
"p.28258",54.5463622016446
"p.28258",60.6788582532247
"p.28258",42.5003878146119
"p.28258",25.5265148147024
"p.28258",66.4828277306138
"p.29652",57.3167002847916
"p.29652",57.8049174933509
"p.29652",45.3553786751038
"p.29652",46.8200303007797
"p.29652",51.4580937820869
"p.29652",36.5674689210467
"p.29652",38.520337755282
"p.29652",45.5994872793829
"p.29652",35.1028172953709
"p.29652",39.9849893809574
"p.29652",42.4260754237511
"p.29652",45.1112700708239
"p.29652",35.3469258996499
"p.29652",60.0018949318646
"p.29652",38.520337755282
"p.29652",35.8351431082091
"p.29652",42.181966819472
"p.29652",28.0236677712696
"p.29652",47.5523561136175
"p.29652",52.4345281992044
"p.29652",17.2470737017424
"p.29652",43.445160337301
"p.29652",56.0590539025701
"p.29652",31.9002425950181
"p.29652",33.7267066444789
"p.29652",55.4346810028307
"p.29652",46.5119549907082
"p.29652",43.9668821349011
"p.29652",49.5660424176759
"p.29652",46.5658506511837
"p.29652",29.0557494032337
"p.29652",42.2003021526352
"p.29652",38.0084174489538
"p.29652",48.6019089358291
"p.29652",22.9415861425778
"p.29652",39.649240890109
"p.29652",38.9905161509591
"p.29652",39.828893091696
"p.29652",43.6015893250089
"p.29652",36.1759649927729
"p.29652",45.7873577776438
"p.29652",34.6788633128867
"p.29652",54.3747330134711
"p.29652",39.4636002818038
"p.29652",48.8055147642938
"p.29652",50.4398766784609
"p.29652",43.0570405352926
"p.29652",41.4004722557976
"p.29652",55.0644969099236
"p.29652",59.9372775918715
"p.29652",38.6906927626998
"p.29652",52.7298591322018
"p.29652",41.7228787158895
"p.29652",48.5717330977771
"p.29652",39.9035671439754
"p.29652",44.5943951518047
"p.29652",53.851622528647
"p.29652",38.6283882328469
"p.29652",39.5397048295922
"p.29652",45.016234024862
"p.29652",43.2996154115479
"p.29652",38.8694390174512
"p.29652",50.138563197705
"p.29652",51.2232917284247
"p.29652",38.4481178864446
"p.29652",61.6246330841017
"p.29652",30.2005720937685
"p.29652",51.4643425130288
"p.29652",54.0556384475259
"p.29652",58.3392577393686
"p.29652",46.8843776055457
"p.29652",34.3243449901068
"p.29652",55.38141776285
"p.29652",47.5446757460129
"p.29652",61.9259465648571
"p.29652",35.1733570569995
"p.29652",52.6695964360508
"p.29652",38.3268304483168
"p.29652",59.9372775918715
"p.29652",29.5941349031303
"p.29652",46.1009625555817
"p.29652",48.6362626891617
